{
  "scenario": "baseline",
  "mode": "baseline",
  "params": {
    "simulation_time": 168.0,
    "warmup_time": 24.0,
    "map_size": 20.0,
    "driver_arrival_rate": 3.0,
    "driver_availability_min": 5.0,
    "driver_availability_max": 8.0,
    "rider_arrival_rate": 30.0,
    "rider_patience_rate": 5.0,
    "avg_speed": 20.0,
    "base_fare": 3.0,
    "per_mile_rate": 2.0,
    "petrol_cost_per_mile": 0.2,
    "random_seed": null,
    "verbose": false
  },
  "data_comparison": null,
  "analysis": {
    "abandonment_rate": {
      "metric": "abandonment_rate",
      "n_replications": 10,
      "mean": 0.28050976145414513,
      "ci_lower": 0.2638699492701801,
      "ci_upper": 0.2971495736381102,
      "std_error": 0.007356238808118946,
      "min": 0.245269958467928,
      "max": 0.3219557195571956,
      "range": 0.07668576108926758
    },
    "avg_waiting_time": {
      "metric": "avg_waiting_time",
      "n_replications": 10,
      "mean": 0.4225502879818081,
      "ci_lower": 0.41494987668731725,
      "ci_upper": 0.43015069927629895,
      "std_error": 0.003360040360075537,
      "min": 0.40119450194581563,
      "max": 0.4380655710884713,
      "range": 0.036871069142655644
    },
    "avg_hourly_earnings": {
      "metric": "avg_hourly_earnings",
      "n_replications": 10,
      "mean": 24.827920217659276,
      "ci_lower": 24.62569662122393,
      "ci_upper": 25.03014381409462,
      "std_error": 0.08940035209343243,
      "min": 24.37414526522986,
      "max": 25.20659713885765,
      "range": 0.8324518736277895
    },
    "gini_coefficient": {
      "metric": "gini_coefficient",
      "n_replications": 10,
      "mean": 0.07745015634599542,
      "ci_lower": 0.07204806426039644,
      "ci_upper": 0.0828522484315944,
      "std_error": 0.0023881927876211254,
      "min": 0.07081135323026833,
      "max": 0.09647615584369351,
      "range": 0.025664802613425186
    },
    "avg_utilization": {
      "metric": "avg_utilization",
      "n_replications": 10,
      "mean": 1.0248856741096053,
      "ci_lower": 1.01171820834441,
      "ci_upper": 1.0380531398748005,
      "std_error": 0.005821160815736201,
      "min": 0.9915977824936285,
      "max": 1.0416158745532327,
      "range": 0.05001809205960417
    },
    "total_revenue": {
      "metric": "total_revenue",
      "n_replications": 10,
      "mean": 73557.75785702938,
      "ci_lower": 71846.16034330314,
      "ci_upper": 75269.35537075563,
      "std_error": 756.6744092512155,
      "min": 69626.437960782,
      "max": 77060.10396549993,
      "range": 7433.666004717932
    }
  },
  "raw_stats": [
    {
      "rider_metrics": {
        "total_riders": 4334,
        "completed_rides": 3271,
        "abandoned_rides": 1063,
        "abandonment_rate": 0.245269958467928,
        "average_waiting_time": 0.4165397851838503,
        "waiting_time_stats": {
          "mean": 0.4165397851838503,
          "std": 0.2415597262897789,
          "min": 0.002456112971643165,
          "max": 1.451363760991029,
          "median": 0.37534706747337054,
          "count": 3271
        },
        "average_trip_distance": 10.27928828576886
      },
      "driver_metrics": {
        "total_drivers": 509,
        "average_hourly_earnings": 24.60781620100595,
        "earnings_distribution": {
          "mean": 24.60781620100595,
          "std": 4.018938809660177,
          "min": 0.0,
          "max": 34.05329614841944,
          "gini": 0.078700364842194,
          "cv": 0.16331960450419347
        },
        "average_utilization": 1.0314895792624994,
        "trips_per_driver": {
          "mean": 7.178781925343811,
          "std": 1.6905671760698935,
          "min": 0,
          "max": 12
        }
      },
      "system_metrics": {
        "total_revenue": 77060.10396549993,
        "rides_per_hour": 3271
      }
    },
    {
      "rider_metrics": {
        "total_riders": 4336,
        "completed_rides": 2940,
        "abandoned_rides": 1396,
        "abandonment_rate": 0.3219557195571956,
        "average_waiting_time": 0.4239094773645709,
        "waiting_time_stats": {
          "mean": 0.4239094773645709,
          "std": 0.244786248543216,
          "min": 0.007585616350958446,
          "max": 1.4812445564311645,
          "median": 0.38363720646944444,
          "count": 2940
        },
        "average_trip_distance": 10.341230945711233
      },
      "driver_metrics": {
        "total_drivers": 468,
        "average_hourly_earnings": 25.20659713885765,
        "earnings_distribution": {
          "mean": 25.20659713885765,
          "std": 3.579320845374721,
          "min": 0.0,
          "max": 33.49919946332669,
          "gini": 0.0716251169619917,
          "cv": 0.14199936729488008
        },
        "average_utilization": 1.0344654421493522,
        "trips_per_driver": {
          "mean": 7.256410256410256,
          "std": 1.7092200758202885,
          "min": 0,
          "max": 12
        }
      },
      "system_metrics": {
        "total_revenue": 69626.437960782,
        "rides_per_hour": 2940
      }
    },
    {
      "rider_metrics": {
        "total_riders": 4291,
        "completed_rides": 3006,
        "abandoned_rides": 1285,
        "abandonment_rate": 0.29946399440689814,
        "average_waiting_time": 0.4275534635792302,
        "waiting_time_stats": {
          "mean": 0.4275534635792302,
          "std": 0.2504492836982027,
          "min": 0.0014584394893972785,
          "max": 1.5332607895325623,
          "median": 0.3848151171570109,
          "count": 3006
        },
        "average_trip_distance": 10.273450665186402
      },
      "driver_metrics": {
        "total_drivers": 477,
        "average_hourly_earnings": 24.540112690332283,
        "earnings_distribution": {
          "mean": 24.540112690332283,
          "std": 4.130532596632472,
          "min": 0.0,
          "max": 33.471142031559964,
          "gini": 0.0817511730878746,
          "cv": 0.16831758878840514
        },
        "average_utilization": 1.0313500583116064,
        "trips_per_driver": {
          "mean": 7.171907756813417,
          "std": 1.83370697389859,
          "min": 0,
          "max": 12
        }
      },
      "system_metrics": {
        "total_revenue": 70781.98539910067,
        "rides_per_hour": 3006
      }
    },
    {
      "rider_metrics": {
        "total_riders": 4345,
        "completed_rides": 3137,
        "abandoned_rides": 1208,
        "abandonment_rate": 0.27802071346375146,
        "average_waiting_time": 0.4380655710884713,
        "waiting_time_stats": {
          "mean": 0.4380655710884713,
          "std": 0.24646458111206632,
          "min": 0.004556069322376288,
          "max": 1.6803378744197488,
          "median": 0.39878147137174835,
          "count": 3137
        },
        "average_trip_distance": 10.424600445991656
      },
      "driver_metrics": {
        "total_drivers": 497,
        "average_hourly_earnings": 24.956150051144775,
        "earnings_distribution": {
          "mean": 24.956150051144775,
          "std": 3.4642011882082775,
          "min": 0.0,
          "max": 33.16946535298553,
          "gini": 0.07229136041608242,
          "cv": 0.13881152265508875
        },
        "average_utilization": 1.0392404878137844,
        "trips_per_driver": {
          "mean": 7.287726358148894,
          "std": 1.699718955810596,
          "min": 0,
          "max": 13
        }
      },
      "system_metrics": {
        "total_revenue": 74814.94319815152,
        "rides_per_hour": 3137
      }
    },
    {
      "rider_metrics": {
        "total_riders": 4285,
        "completed_rides": 3090,
        "abandoned_rides": 1195,
        "abandonment_rate": 0.27887981330221706,
        "average_waiting_time": 0.4269989633949812,
        "waiting_time_stats": {
          "mean": 0.4269989633949812,
          "std": 0.24561619371171572,
          "min": 0.0050317470919054585,
          "max": 1.5326935236415835,