{
  "scenario": "baseline",
  "mode": "baseline",
  "params": {
    "simulation_time": 168.0,
    "warmup_time": 24.0,
    "map_size": 20.0,
    "driver_arrival_rate": 3.0,
    "driver_availability_min": 5.0,
    "driver_availability_max": 8.0,
    "rider_arrival_rate": 30.0,
    "rider_patience_rate": 5.0,
    "avg_speed": 20.0,
    "base_fare": 3.0,
    "per_mile_rate": 2.0,
    "petrol_cost_per_mile": 0.2,
    "random_seed": null,
    "verbose": false
  },
  "data_comparison": null,
  "analysis": {
    "abandonment_rate": {
      "metric": "abandonment_rate",
      "n_replications": 10,
      "mean": 0.2584606485925826,
      "ci_lower": 0.23592968911899417,
      "ci_upper": 0.2809916080661711,
      "std_error": 0.009960636372055015,
      "min": 0.20707762557077625,
      "max": 0.31746031746031744,
      "range": 0.1103826918895412
    },
    "avg_waiting_time": {
      "metric": "avg_waiting_time",
      "n_replications": 10,
      "mean": 0.4138750159124629,
      "ci_lower": 0.40330831505925213,
      "ci_upper": 0.42444171676567366,
      "std_error": 0.004671397371003884,
      "min": 0.39835169536554016,
      "max": 0.4340533868211704,
      "range": 0.035701691455630236
    },
    "avg_hourly_earnings": {
      "metric": "avg_hourly_earnings",
      "n_replications": 10,
      "mean": 24.783051129526665,
      "ci_lower": 24.615077856956148,
      "ci_upper": 24.951024402097183,
      "std_error": 0.07425874118944248,
      "min": 24.449023807929482,
      "max": 25.156091416707362,
      "range": 0.70706760877788
    },
    "gini_coefficient": {
      "metric": "gini_coefficient",
      "n_replications": 10,
      "mean": 0.07593277269925056,
      "ci_lower": 0.07361907387470941,
      "ci_upper": 0.0782464715237917,
      "std_error": 0.0010228553600977667,
      "min": 0.07090628345977246,
      "max": 0.08063062539331911,
      "range": 0.009724341933546654
    },
    "avg_utilization": {
      "metric": "avg_utilization",
      "n_replications": 10,
      "mean": 1.0203264408942516,
      "ci_lower": 1.002938736585463,
      "ci_upper": 1.0377141452030403,
      "std_error": 0.007686871931383166,
      "min": 0.9903249194362334,
      "max": 1.0588948604417914,
      "range": 0.06856994100555802
    },
    "total_revenue": {
      "metric": "total_revenue",
      "n_replications": 10,
      "mean": 76491.23212721731,
      "ci_lower": 74061.0911520676,
      "ci_upper": 78921.37310236703,
      "std_error": 1074.3328802607057,
      "min": 70698.67285043796,
      "max": 82108.83469871203,
      "range": 11410.161848274074
    }
  },
  "raw_stats": [
    {
      "rider_metrics": {
        "total_riders": 4268,
        "completed_rides": 3210,
        "abandoned_rides": 1058,
        "abandonment_rate": 0.2478912839737582,
        "average_waiting_time": 0.42107997323834734,
        "waiting_time_stats": {
          "mean": 0.42107997323834734,
          "std": 0.24788682266628814,
          "min": 0.009301582151195475,
          "max": 1.5135099749598027,
          "median": 0.37938381139527166,
          "count": 3210
        },
        "average_trip_distance": 10.36277149077122
      },
      "driver_metrics": {
        "total_drivers": 498,
        "average_hourly_earnings": 24.769264312138134,
        "earnings_distribution": {
          "mean": 24.769264312138134,
          "std": 3.684045852511258,
          "min": 0.0,
          "max": 34.72926718954803,
          "gini": 0.07640161497633868,
          "cv": 0.14873456902415538
        },
        "average_utilization": 1.046355591650109,
        "trips_per_driver": {
          "mean": 7.2971887550200805,
          "std": 1.6682819868549563,
          "min": 0,
          "max": 12
        }
      },
      "system_metrics": {
        "total_revenue": 76158.99297075123,
        "rides_per_hour": 3210
      }
    },
    {
      "rider_metrics": {
        "total_riders": 4347,
        "completed_rides": 3181,
        "abandoned_rides": 1166,
        "abandonment_rate": 0.2682309638831378,
        "average_waiting_time": 0.405872618131119,
        "waiting_time_stats": {
          "mean": 0.405872618131119,
          "std": 0.2481931185253342,
          "min": 0.006161507814937295,
          "max": 1.4911313459751625,
          "median": 0.35943605974924253,
          "count": 3181
        },
        "average_trip_distance": 10.57574203772344
      },
      "driver_metrics": {
        "total_drivers": 526,
        "average_hourly_earnings": 24.449023807929482,
        "earnings_distribution": {
          "mean": 24.449023807929482,
          "std": 4.063648922290529,
          "min": 0.0,
          "max": 32.44966067470776,
          "gini": 0.08063062539331911,
          "cv": 0.1662090459813196
        },
        "average_utilization": 1.0081312522784371,
        "trips_per_driver": {
          "mean": 7.007604562737643,
          "std": 1.6886838653938594,
          "min": 0,
          "max": 11
        }
      },
      "system_metrics": {
        "total_revenue": 76825.87084399666,
        "rides_per_hour": 3181
      }
    },
    {
      "rider_metrics": {
        "total_riders": 4347,
        "completed_rides": 2967,
        "abandoned_rides": 1380,
        "abandonment_rate": 0.31746031746031744,
        "average_waiting_time": 0.4340533868211704,
        "waiting_time_stats": {
          "mean": 0.4340533868211704,
          "std": 0.24468308997009558,
          "min": 0.005970646017601666,
          "max": 1.3864930939962505,
          "median": 0.39015901437774403,
          "count": 2967
        },
        "average_trip_distance": 10.414167989625566
      },
      "driver_metrics": {
        "total_drivers": 467,
        "average_hourly_earnings": 25.10092509193029,
        "earnings_distribution": {
          "mean": 25.10092509193029,
          "std": 3.4771764129324123,
          "min": 0.0,
          "max": 35.84709498036813,
          "gini": 0.07317267508304681,
          "cv": 0.1385278192017828
        },
        "average_utilization": 1.0588948604417914,
        "trips_per_driver": {
          "mean": 7.241970021413276,
          "std": 1.663087984335434,
          "min": 0,
          "max": 12
        }
      },
      "system_metrics": {
        "total_revenue": 70698.67285043796,
        "rides_per_hour": 2967
      }
    },
    {
      "rider_metrics": {
        "total_riders": 4324,
        "completed_rides": 3243,
        "abandoned_rides": 1081,
        "abandonment_rate": 0.25,
        "average_waiting_time": 0.39835169536554016,
        "waiting_time_stats": {
          "mean": 0.39835169536554016,
          "std": 0.24243043502588646,
          "min": 0.0044138322024736,
          "max": 1.3356755857117264,
          "median": 0.3510865381175279,
          "count": 3243
        },
        "average_trip_distance": 10.490569573209104
      },
      "driver_metrics": {
        "total_drivers": 513,
        "average_hourly_earnings": 24.77715189087752,
        "earnings_distribution": {
          "mean": 24.77715189087752,
          "std": 3.9739480027214675,
          "min": 0.0,
          "max": 34.74563831066227,
          "gini": 0.0805633344581953,
          "cv": 0.16038760307170738
        },
        "average_utilization": 1.0022592760772389,
        "trips_per_driver": {
          "mean": 7.1345029239766085,
          "std": 1.780180739803045,
          "min": 0,
          "max": 12
        }
      },
      "system_metrics": {
        "total_revenue": 77770.83425183428,
        "rides_per_hour": 3243
      }
    },
    {
      "rider_metrics": {
        "total_riders": 4358,
        "completed_rides": 3297,
        "abandoned_rides": 1061,
        "abandonment_rate": 0.24346030289123452,
        "average_waiting_time": 0.40348298441028096,
        "waiting_time_stats": {
          "mean": 0.40348298441028096,
          "std": 0.24488699891212407,
          "min": 0.006693072392721433,
          "max": 1.530266740686784,