{
  "scenario": "data_driven",
  "mode": "data_driven",
  "params": {
    "simulation_time": 168.0,
    "warmup_time": 24.0,
    "map_size": 20.0,
    "driver_arrival_rate": 4.74225396168011,
    "driver_availability_min": 6.0007357759749596,
    "driver_availability_max": 7.999785397523965,
    "rider_arrival_rate": 34.596111136023964,
    "rider_patience_rate": 5.0,
    "avg_speed": 19.97488734524961,
    "base_fare": 3.0,
    "per_mile_rate": 2.0,
    "petrol_cost_per_mile": 0.2,
    "random_seed": 44,
    "verbose": false
  },
  "data_comparison": {
    "driver_arrival_rate": {
      "assumed": 3.0,
      "estimated": 4.74225396168011,
      "difference_pct": 58.07513205600365
    },
    "driver_availability_min": {
      "assumed": 5.0,
      "estimated": 6.0007357759749596,
      "difference_pct": 20.01471551949919
    },
    "driver_availability_max": {
      "assumed": 8.0,
      "estimated": 7.999785397523965,
      "difference_pct": -0.0026825309504374673
    },
    "rider_arrival_rate": {
      "assumed": 30.0,
      "estimated": 34.596111136023964,
      "difference_pct": 15.320370453413215
    },
    "avg_speed": {
      "assumed": 20.0,
      "estimated": 19.97488734524961,
      "difference_pct": -0.12556327375195409
    }
  },
  "analysis": {
    "abandonment_rate": {
      "metric": "abandonment_rate",
      "n_replications": 3,
      "mean": 0.045093684150742545,
      "ci_lower": 0.024481128444113782,
      "ci_upper": 0.06570623985737131,
      "std_error": 0.008017330107595784,
      "min": 0.02959787711777914,
      "max": 0.05641128225645129,
      "range": 0.026813405138672152
    },
    "avg_waiting_time": {
      "metric": "avg_waiting_time",
      "n_replications": 3,
      "mean": 0.26436767881602813,
      "ci_lower": 0.24002897273731674,
      "ci_upper": 0.28870638489473954,
      "std_error": 0.009466630135632592,
      "min": 0.2479827842868785,
      "max": 0.28077612765229726,
      "range": 0.03279334336541875
    },
    "pickup_waiting_time_p90": {
      "metric": "pickup_waiting_time_p90",
      "n_replications": 3,
      "mean": 0.5599044928073601,
      "ci_lower": 0.5008322710251318,
      "ci_upper": 0.6189767145895884,
      "std_error": 0.02297636008643653,
      "min": 0.5146164801103623,
      "max": 0.5892928521961593,
      "range": 0.07467637208579703
    },
    "avg_hourly_earnings": {
      "metric": "avg_hourly_earnings",
      "n_replications": 3,
      "mean": 22.18728955315258,
      "ci_lower": 21.39861456218758,
      "ci_upper": 22.975964544117584,
      "std_error": 0.30675806727538085,
      "min": 21.70172207913036,
      "max": 22.75483428942983,
      "range": 1.0531122102994708
    },
    "avg_net_hourly_earnings": {
      "metric": "avg_net_hourly_earnings",
      "n_replications": 3,
      "mean": 19.241666662995872,
      "ci_lower": 18.608318036715897,
      "ci_upper": 19.875015289275847,
      "std_error": 0.24634330077011884,
      "min": 18.830920779963673,
      "max": 19.68266840194986,
      "range": 0.8517476219861884
    },
    "time_weighted_net_hourly_earnings": {
      "metric": "time_weighted_net_hourly_earnings",
      "n_replications": 3,
      "mean": 19.45681781966206,
      "ci_lower": 18.883911679115403,
      "ci_upper": 20.029723960208717,
      "std_error": 0.22283397143004924,
      "min": 19.122448324023736,
      "max": 19.87917450316341,
      "range": 0.7567261791396724
    },
    "fairness_ratio": {
      "metric": "fairness_ratio",
      "n_replications": 3,
      "mean": 1.6753432093497522,
      "ci_lower": 1.6142166311130757,
      "ci_upper": 1.7364697875864288,
      "std_error": 0.023775409660317607,
      "min": 1.6373336283822544,
      "max": 1.7190919714135484,
      "range": 0.08175834303129403
    },
    "gini_coefficient": {
      "metric": "gini_coefficient",
      "n_replications": 3,
      "mean": 0.11179039166501596,
      "ci_lower": 0.10247997661571796,
      "ci_upper": 0.12110080671431396,
      "std_error": 0.003621320517035394,
      "min": 0.10516825443554567,
      "max": 0.11764161002865414,
      "range": 0.01247335559310847
    },
    "avg_utilization": {
      "metric": "avg_utilization",
      "n_replications": 3,
      "mean": 0.7381164574613864,
      "ci_lower": 0.6976097271698242,
      "ci_upper": 0.7786231877529487,
      "std_error": 0.01575524320947579,
      "min": 0.7204920812984148,
      "max": 0.769549854383665,
      "range": 0.04905777308525017
    },
    "avg_rest_fraction": {
      "metric": "avg_rest_fraction",
      "n_replications": 3,
      "mean": 0.261883542538613,
      "ci_lower": 0.22137681224705044,
      "ci_upper": 0.3023902728301756,
      "std_error": 0.01575524320947591,
      "min": 0.23045014561633426,
      "max": 0.27950791870158415,
      "range": 0.04905777308524989
    },
    "long_rest_prob_15min": {
      "metric": "long_rest_prob_15min",
      "n_replications": 3,
      "mean": 0.857915417297685,
      "ci_lower": 0.7993483917068331,
      "ci_upper": 0.9164824428885368,
      "std_error": 0.022779862151245337,
      "min": 0.8136246786632391,
      "max": 0.889308176100629,
      "range": 0.07568349743738989
    },
    "long_rest_prob_30min": {
      "metric": "long_rest_prob_30min",
      "n_replications": 3,
      "mean": 0.6683102033267838,
      "ci_lower": 0.5691103058278031,
      "ci_upper": 0.7675101008257645,
      "std_error": 0.0385841686110388,
      "min": 0.5912596401028277,
      "max": 0.7105263157894737,
      "range": 0.11926667568664595
    },
    "total_revenue": {
      "metric": "total_revenue",
      "n_replications": 3,
      "mean": 113631.47151125317,
      "ci_lower": 112348.08600150743,
      "ci_upper": 114914.85702099891,
      "std_error": 499.17756116131426,
      "min": 112885.872251962,
      "max": 114579.2459413111,
      "range": 1693.3736893491005
    }
  },
  "raw_stats": [
    {
      "rider_metrics": {
        "total_riders": 4899,
        "completed_rides": 4754,
        "abandoned_rides": 145,
        "abandonment_rate": 0.02959787711777914,
        "average_waiting_time": 0.2479827842868785,
        "pickup_waiting_time_p90": 0.5146164801103623,
        "waiting_time_stats": {
          "mean": 0.2479827842868785,
          "std": 0.1966192969343097,
          "min": 0.002130249178449617,
          "max": 1.320439665732323,
          "median": 0.1939208474750913,
          "count": 4754
        },
        "average_trip_distance": 10.372725310471363
      },
      "driver_metrics": {
        "total_drivers": 795,
        "average_hourly_earnings": 22.105312290897555,
        "average_net_hourly_earnings": 19.211410807074085,
        "time_weighted_net_hourly_earnings": 19.36883063179904,
        "fairness_ratio": 1.7190919714135484,
        "earnings_distribution": {
          "mean": 22.105312290897555,
          "std": 4.525597387323917,
          "min": 0.0,
          "max": 32.78805327285533,
          "gini": 0.11256131053084806,
          "cv": 0.20472895056938198
        },
        "average_utilization": 0.7243074367020796,
        "average_rest_fraction": 0.27569256329792075,
        "long_rest_prob_15min": 0.889308176100629,
        "long_rest_prob_30min": 0.7031446540880503,
        "trips_per_driver": {
          "mean": 6.738364779874214,
          "std": 1.716211959396958,
          "min": 0,
          "max": 11
        }
      },
      "system_metrics": {
        "total_revenue": 112885.872251962,
        "rides_per_hour": 4754
      }
    },
    {
      "rider_metrics": {
        "total_riders": 4999,
        "completed_rides": 4717,
        "abandoned_rides": 282,
        "abandonment_rate": 0.05641128225645129,
        "average_waiting_time": 0.28077612765229726,
        "pickup_waiting_time_p90": 0.5892928521961593,
        "waiting_time_stats": {
          "mean": 0.28077612765229726,
          "std": 0.2148957798941722,
          "min": 0.001546517162395844,
          "max": 1.6502745637616414,