{
  "scenario": "data_driven",
  "mode": "data_driven",
  "params": {
    "simulation_time": 168.0,
    "warmup_time": 24.0,
    "map_size": 20.0,
    "driver_arrival_rate": 4.74225396168011,
    "driver_availability_min": 6.0007357759749596,
    "driver_availability_max": 7.999785397523965,
    "rider_arrival_rate": 34.596111136023964,
    "rider_patience_rate": 5.0,
    "avg_speed": 19.97488734524961,
    "base_fare": 3.0,
    "per_mile_rate": 2.0,
    "petrol_cost_per_mile": 0.2,
    "random_seed": null,
    "verbose": false
  },
  "data_comparison": {
    "driver_arrival_rate": {
      "assumed": 3.0,
      "estimated": 4.74225396168011,
      "difference_pct": 58.07513205600365
    },
    "driver_availability_min": {
      "assumed": 5.0,
      "estimated": 6.0007357759749596,
      "difference_pct": 20.01471551949919
    },
    "driver_availability_max": {
      "assumed": 8.0,
      "estimated": 7.999785397523965,
      "difference_pct": -0.0026825309504374673
    },
    "rider_arrival_rate": {
      "assumed": 30.0,
      "estimated": 34.596111136023964,
      "difference_pct": 15.320370453413215
    },
    "avg_speed": {
      "assumed": 20.0,
      "estimated": 19.97488734524961,
      "difference_pct": -0.12556327375195409
    }
  },
  "analysis": {
    "abandonment_rate": {
      "metric": "abandonment_rate",
      "n_replications": 10,
      "mean": 0.04273583078555798,
      "ci_lower": 0.03308243161368171,
      "ci_upper": 0.05238922995743425,
      "std_error": 0.0042676388911919855,
      "min": 0.02263998382858298,
      "max": 0.06036745406824147,
      "range": 0.03772747023965849
    },
    "avg_waiting_time": {
      "metric": "avg_waiting_time",
      "n_replications": 10,
      "mean": 0.26165712857177525,
      "ci_lower": 0.2528899494239148,
      "ci_upper": 0.2704243077196357,
      "std_error": 0.0038758528505130267,
      "min": 0.2435177544030257,
      "max": 0.2774738188879998,
      "range": 0.033956064484974124
    },
    "avg_hourly_earnings": {
      "metric": "avg_hourly_earnings",
      "n_replications": 10,
      "mean": 22.26972809588886,
      "ci_lower": 22.068714083592443,
      "ci_upper": 22.470742108185274,
      "std_error": 0.08886561109479076,
      "min": 21.755888358928004,
      "max": 22.612944828566594,
      "range": 0.8570564696385894
    },
    "gini_coefficient": {
      "metric": "gini_coefficient",
      "n_replications": 10,
      "mean": 0.11227092759840318,
      "ci_lower": 0.10841825495251725,
      "ci_upper": 0.11612360024428911,
      "std_error": 0.0017032151396489544,
      "min": 0.10622567186615073,
      "max": 0.1226949290448438,
      "range": 0.016469257178693075
    },
    "avg_utilization": {
      "metric": "avg_utilization",
      "n_replications": 10,
      "mean": 0.7816231269857368,
      "ci_lower": 0.7668401803828061,
      "ci_upper": 0.7964060735886674,
      "std_error": 0.006535343325787214,
      "min": 0.7495624254413928,
      "max": 0.8150477014217867,
      "range": 0.06548527598039389
    },
    "total_revenue": {
      "metric": "total_revenue",
      "n_replications": 10,
      "mean": 113698.28813240398,
      "ci_lower": 112297.1575633341,
      "ci_upper": 115099.41870147386,
      "std_error": 619.4211180680279,
      "min": 110754.90563817967,
      "max": 116186.8836466454,
      "range": 5431.978008465725
    }
  },
  "raw_stats": [
    {
      "rider_metrics": {
        "total_riders": 5091,
        "completed_rides": 4885,
        "abandoned_rides": 206,
        "abandonment_rate": 0.04046356315065802,
        "average_waiting_time": 0.2595755944900576,
        "waiting_time_stats": {
          "mean": 0.2595755944900576,
          "std": 0.20747137200323926,
          "min": 0.004028780388097175,
          "max": 1.3621217369496605,
          "median": 0.2000457985408417,
          "count": 4885
        },
        "average_trip_distance": 10.392209175705778
      },
      "driver_metrics": {
        "total_drivers": 808,
        "average_hourly_earnings": 22.469384533902033,
        "earnings_distribution": {
          "mean": 22.469384533902033,
          "std": 4.474782135935103,
          "min": 0.0,
          "max": 32.95631736555531,
          "gini": 0.10635247636705847,
          "cv": 0.19915018718841662
        },
        "average_utilization": 0.7952212741874956,
        "trips_per_driver": {
          "mean": 6.871287128712871,
          "std": 1.742953941534191,
          "min": 0,
          "max": 12
        }
      },
      "system_metrics": {
        "total_revenue": 116186.8836466454,
        "rides_per_hour": 4885
      }
    },
    {
      "rider_metrics": {
        "total_riders": 5017,
        "completed_rides": 4894,
        "abandoned_rides": 123,
        "abandonment_rate": 0.024516643412397846,
        "average_waiting_time": 0.24519024018394328,
        "waiting_time_stats": {
          "mean": 0.24519024018394328,
          "std": 0.19833902402996337,
          "min": 0.0023291921071830757,
          "max": 1.2445514787469563,
          "median": 0.18603529845464095,
          "count": 4894
        },
        "average_trip_distance": 10.34216467705066
      },
      "driver_metrics": {
        "total_drivers": 829,
        "average_hourly_earnings": 21.755888358928004,
        "earnings_distribution": {
          "mean": 21.755888358928004,
          "std": 4.934950200328837,
          "min": 0.0,
          "max": 31.963700545291942,
          "gini": 0.1226949290448438,
          "cv": 0.22683285181980042
        },
        "average_utilization": 0.7495624254413928,
        "trips_per_driver": {
          "mean": 6.668275030156815,
          "std": 1.8258879668981876,
          "min": 0,
          "max": 11
        }
      },
      "system_metrics": {
        "total_revenue": 115911.10785897172,
        "rides_per_hour": 4894
      }
    },
    {
      "rider_metrics": {
        "total_riders": 5006,
        "completed_rides": 4792,
        "abandoned_rides": 214,
        "abandonment_rate": 0.042748701558130243,
        "average_waiting_time": 0.26261336830950976,
        "waiting_time_stats": {
          "mean": 0.26261336830950976,
          "std": 0.20919824109407711,
          "min": 0.003228111800268607,
          "max": 1.465866240378773,
          "median": 0.2000957750176724,
          "count": 4792
        },
        "average_trip_distance": 10.414121889935391
      },
      "driver_metrics": {
        "total_drivers": 815,
        "average_hourly_earnings": 22.197443491732464,
        "earnings_distribution": {
          "mean": 22.197443491732464,
          "std": 4.679529516504131,
          "min": 0.0,
          "max": 32.68881959390314,
          "gini": 0.11391901814397443,
          "cv": 0.21081389477337975
        },
        "average_utilization": 0.7701645837864968,
        "trips_per_driver": {
          "mean": 6.736196319018405,
          "std": 1.7758717581334984,
          "min": 0,
          "max": 12
        }
      },
      "system_metrics": {
        "total_revenue": 114184.94419314087,
        "rides_per_hour": 4792
      }
    },
    {
      "rider_metrics": {
        "total_riders": 4984,
        "completed_rides": 4698,
        "abandoned_rides": 286,
        "abandonment_rate": 0.05738362760834671,
        "average_waiting_time": 0.2774738188879998,
        "waiting_time_stats": {
          "mean": 0.2774738188879998,
          "std": 0.21317379844877163,
          "min": 0.0004958229442877382,
          "max": 1.2619153588463234,
          "median": 0.21536114634167092,
          "count": 4698
        },
        "average_trip_distance": 10.430954081169443
      },
      "driver_metrics": {
        "total_drivers": 787,
        "average_hourly_earnings": 22.486323721503542,
        "earnings_distribution": {
          "mean": 22.486323721503542,
          "std": 4.823265594975146,
          "min": 0.0,
          "max": 32.812204321082746,
          "gini": 0.11326271839226365,