{
  "scenario": "baseline",
  "mode": "baseline",
  "params": {
    "simulation_time": 168.0,
    "warmup_time": 24.0,
    "map_size": 20.0,
    "driver_arrival_rate": 3.0,
    "driver_availability_min": 5.0,
    "driver_availability_max": 8.0,
    "rider_arrival_rate": 30.0,
    "rider_patience_rate": 5.0,
    "avg_speed": 20.0,
    "base_fare": 3.0,
    "per_mile_rate": 2.0,
    "petrol_cost_per_mile": 0.2,
    "random_seed": 44,
    "verbose": false
  },
  "data_comparison": null,
  "analysis": {
    "abandonment_rate": {
      "metric": "abandonment_rate",
      "n_replications": 3,
      "mean": 0.25282180318685943,
      "std": 0.0191519883955542,
      "ci_lower": 0.22439321324608094,
      "ci_upper": 0.28125039312763794,
      "std_error": 0.011057405655689806,
      "min": 0.2309558466763707,
      "max": 0.2666198501872659,
      "range": 0.035664003510895215
    },
    "avg_waiting_time": {
      "metric": "avg_waiting_time",
      "n_replications": 3,
      "mean": 0.4090893958647282,
      "std": 0.018525677664007,
      "ci_lower": 0.38159048124511885,
      "ci_upper": 0.43658831048433755,
      "std_error": 0.010695804986234679,
      "min": 0.3966480481319024,
      "max": 0.43038025164291216,
      "range": 0.03373220351100975
    },
    "pickup_waiting_time_p90": {
      "metric": "pickup_waiting_time_p90",
      "n_replications": 3,
      "mean": 0.7530084307828737,
      "std": 0.025341018038148526,
      "ci_lower": 0.7153930461236169,
      "ci_upper": 0.7906238154421306,
      "std_error": 0.014630643585864215,
      "min": 0.7377467130988862,
      "max": 0.7822605101086992,
      "range": 0.04451379700981306
    },
    "avg_hourly_earnings": {
      "metric": "avg_hourly_earnings",
      "n_replications": 3,
      "mean": 24.642012283864563,
      "std": 0.4541081236642315,
      "ci_lower": 23.967948924499563,
      "ci_upper": 25.316075643229563,
      "std_error": 0.2621794474387399,
      "min": 24.2708607362511,
      "max": 25.148366929335168,
      "range": 0.8775061930840664
    },
    "avg_net_hourly_earnings": {
      "metric": "avg_net_hourly_earnings",
      "n_replications": 3,
      "mean": 20.906962535880393,
      "std": 0.4226854717102877,
      "ci_lower": 20.27954194116211,
      "ci_upper": 21.534383130598677,
      "std_error": 0.24403757087447855,
      "min": 20.605503505899414,
      "max": 21.39011474553408,
      "range": 0.7846112396346676
    },
    "time_weighted_net_hourly_earnings": {
      "metric": "time_weighted_net_hourly_earnings",
      "n_replications": 3,
      "mean": 21.101089592933928,
      "std": 0.38998108338747367,
      "ci_lower": 20.522214330725824,
      "ci_upper": 21.679964855142032,
      "std_error": 0.2251556834726198,
      "min": 20.834964005687198,
      "max": 21.548744383053556,
      "range": 0.7137803773663585
    },
    "fairness_ratio": {
      "metric": "fairness_ratio",
      "n_replications": 3,
      "mean": 1.4339009439845407,
      "std": 0.03198137930021148,
      "ci_lower": 1.3864288226001489,
      "ci_upper": 1.4813730653689325,
      "std_error": 0.01846445794803262,
      "min": 1.4008265897051146,
      "max": 1.464663940562629,
      "range": 0.0638373508575143
    },
    "avg_utilization": {
      "metric": "avg_utilization",
      "n_replications": 3,
      "mean": 0.9347190732477567,
      "std": 0.01578989393776416,
      "ci_lower": 0.9112810671935507,
      "ci_upper": 0.9581570793019627,
      "std_error": 0.009116299515443778,
      "min": 0.9169016700992082,
      "max": 0.9469782761796506,
      "range": 0.03007660608044238
    },
    "avg_rest_fraction": {
      "metric": "avg_rest_fraction",
      "n_replications": 3,
      "mean": 0.06528092675224341,
      "std": 0.015789893937764494,
      "ci_lower": 0.04184292069803696,
      "ci_upper": 0.08871893280644985,
      "std_error": 0.00911629951544397,
      "min": 0.05302172382034961,
      "max": 0.08309832990079243,
      "range": 0.030076606080442818
    },
    "long_rest_prob_15min": {
      "metric": "long_rest_prob_15min",
      "n_replications": 3,
      "mean": 0.3394062563856572,
      "std": 0.0859096622685002,
      "ci_lower": 0.21188474216267983,
      "ci_upper": 0.46692777060863455,
      "std_error": 0.049599966636708424,
      "min": 0.25948103792415167,
      "max": 0.4302554027504912,
      "range": 0.1707743648263395
    },
    "long_rest_prob_30min": {
      "metric": "long_rest_prob_30min",
      "n_replications": 3,
      "mean": 0.14303789862299562,
      "std": 0.0397165029909394,
      "ci_lower": 0.08408401069806268,
      "ci_upper": 0.20199178654792857,
      "std_error": 0.02293033369308944,
      "min": 0.1157684630738523,
      "max": 0.18860510805500982,
      "range": 0.07283664498115752
    },
    "total_revenue": {
      "metric": "total_revenue",
      "n_replications": 3,
      "mean": 74826.63534211558,
      "std": 640.59280494186,
      "ci_lower": 73875.76017476572,
      "ci_upper": 75777.51050946544,
      "std_error": 369.8464283741203,
      "min": 74122.87005955503,
      "max": 75375.73604048023,
      "range": 1252.8659809251985
    }
  },
  "raw_stats": [
    {
      "rider_metrics": {
        "total_riders": 4272,
        "completed_rides": 3133,
        "abandoned_rides": 1139,
        "abandonment_rate": 0.2666198501872659,
        "average_waiting_time": 0.43038025164291216,
        "pickup_waiting_time_p90": 0.7822605101086992,
        "waiting_time_stats": {
          "mean": 0.43038025164291216,
          "std": 0.24522901418008125,
          "min": 0.0018478732073319293,
          "max": 1.3676384506831596,
          "median": 0.3899354910544446,
          "count": 3133
        },
        "average_trip_distance": 10.329376006951028
      },
      "driver_metrics": {
        "total_drivers": 501,
        "average_hourly_earnings": 24.50680918600742,
        "average_net_hourly_earnings": 20.725269356207676,
        "time_weighted_net_hourly_earnings": 20.91956039006103,
        "fairness_ratio": 1.4362123016858783,
        "earnings_distribution": {
          "mean": 24.50680918600742,
          "std": 3.5308785940371683,
          "min": 0.0,
          "max": 34.15480121975601,
          "gini": 0.07424356733903315,
          "cv": 0.1440774507704244
        },
        "average_utilization": 0.9469782761796506,
        "average_rest_fraction": 0.05302172382034961,
        "long_rest_prob_15min": 0.25948103792415167,
        "long_rest_prob_30min": 0.1157684630738523,
        "trips_per_driver": {
          "mean": 7.219560878243513,
          "std": 1.7232983179360506,
          "min": 0,
          "max": 12
        }
      },
      "system_metrics": {
        "total_revenue": 74122.87005955503,
        "rides_per_hour": 3133
      }
    },
    {
      "rider_metrics": {
        "total_riders": 4122,
        "completed_rides": 3170,
        "abandoned_rides": 952,
        "abandonment_rate": 0.2309558466763707,
        "average_waiting_time": 0.3966480481319024,
        "pickup_waiting_time_p90": 0.7390180691410357,
        "waiting_time_stats": {
          "mean": 0.3966480481319024,
          "std": 0.2451367533173911,
          "min": 0.009379925965102842,
          "max": 1.4722104194167969,
          "median": 0.34643685826226545,
          "count": 3170
        },
        "average_trip_distance": 10.326703458408723
      },
      "driver_metrics": {
        "total_drivers": 509,
        "average_hourly_earnings": 24.2708607362511,
        "average_net_hourly_earnings": 20.605503505899414,
        "time_weighted_net_hourly_earnings": 20.834964005687198,
        "fairness_ratio": 1.464663940562629,
        "earnings_distribution": {
          "mean": 24.2708607362511,
          "std": 3.7163018246977173,
          "min": 0.0,
          "max": 33.555551894399464,
          "gini": 0.0791221945524716,
          "cv": 0.15311784221756203
        },
        "average_utilization": 0.9169016700992082,